ticker,date,mint_count,mint_amount,burn_count,burn_amount,net_issuance
AAPL,2026-08-03,14,411.164,0,0,411.164
AAPL,2026-08-04,5,264.140,3,422.103,-157.963
AAPL,2026-08-05,1,136.596,0,0,136.596
AAPL,2026-08-06,1,3.203,0,0,3.203
AAPL,2026-08-07,3,248.308,0,0,248.308
AAPL,2026-08-10,3,246.371,0,0,246.371
AAPL,2026-08-11,2,252.462,0,0,252.462
AAPL,2026-08-12,3,332,1,109.915,222.085
AAPL,2026-08-13,0,0,3,333.851,-333.851
AAPL,2026-08-14,3,185.54210882,0,0,185.54210882
AAPL,2026-08-17,0,0,1,130.06137485,-130.06137485
AAPL,2026-08-18,0,0,2,224.91667915,-224.91667915
AAPL,2026-08-19,1,116.99377216,5,390.84375115,-273.84997899
AAPL,2026-08-20,1,107.01042353,1,105.28040286,1.73002067
COST,2026-07-17,1,0.568,0,0,0.568
COST,2026-07-21,1,0.214,0,0,0.214
COST,2026-07-22,7,14.707,0,0,14.707
COST,2026-07-23,775,112.711,0,0,112.711
COST,2026-07-24,112,38.856,0,0,38.856
COST,2026-07-27,0,0,1,20,-20
COST,2026-07-28,0,0,1,30,-30
COST,2026-07-31,50,34.244,0,0,34.244
COST,2026-08-04,11,8.351,0,0,8.351
COST,2026-08-05,8,5.945,0,0,5.945
COST,2026-08-06,23,10.736,0,0,10.736
COST,2026-08-07,66,23.511,0,0,23.511
COST,2026-08-10,43,25.879,0,0,25.879
COST,2026-08-11,6,5.10187744,0,0,5.10187744
COST,2026-08-12,26,21.09508899,0,0,21.09508899
GOOGL,2026-08-28,1,120,1,115.275,4.725
GOOGL,2026-08-31,18,1354.325,0,0,1354.325
GOOGL,2026-09-01,8,473.569,1,99.662,373.907
GOOGL,2026-09-02,9,1032.031,1,135.608,896.423
GOOGL,2026-09-03,13,1247.003,3,445.977,801.026
GOOGL,2026-09-04,8,1661.417,3,290.476,1370.941
GOOGL,2026-09-08,49,1819.955,2,502.071,1317.884
GOOGL,2026-09-09,9,1426.890,0,0,1426.890
GOOGL,2026-09-10,18,1659.521,2,335.843,1323.678
GOOGL,2026-09-11,80,5551.594,17,2037.031,3514.563
GOOGL,2026-09-14,12,1172.009,11,1194.570,-22.561
GOOGL,2026-09-15,0,0,2,97.27777093,-97.27777093
GOOGL,2026-09-16,5,757.61607975,4,497.23257447,260.38350528
GOOGL,2026-09-17,18,1677.55668079,21,2393.36686773,-715.81018694
GOOGL,2026-09-18,18,2161.04492063,14,1544.13255503,616.91236560
GOOGL,2026-09-21,10,556.09315995,11,1314.60606580,-758.51290585
META,2026-09-14,3,152.693,3,211.224,-58.531
META,2026-09-15,2,120.686,3,174.892,-54.206
META,2026-09-16,37,1713.639,6,410.795,1302.844
META,2026-09-17,42,2021.333,5,570.379,1450.954
META,2026-09-18,80,3279.353,3,113.973,3165.380
META,2026-09-21,41,1925.52659459,79,4118.72172741,-2193.19513282
META,2026-09-22,66,3593.82163978,15,991.48461086,2602.33702892
META,2026-09-23,27,977.85880870,54,2131.14273174,-1153.28392304
META,2026-09-24,27,901.36235842,22,1714.27843700,-812.91607858
META,2026-09-25,51,1587.71141799,7,185.38425187,1402.32716612
META,2026-09-28,145,2103.50400700,7,74.16849075,2029.33551625
META,2026-09-29,24,383.47180540,62,1572.21746733,-1188.74566193
META,2026-09-30,56,677.76356821,26,292.95764518,384.80592303
META,2026-10-01,17,438.24489798,18,313.76304990,124.48184808
META,2026-10-02,8,122.64452293,8,168.75888384,-46.11436091
META,2026-10-05,2,108.74407944,49,1218.56941356,-1109.82533412
MSFT,2026-08-13,1,0.045,2,83.293,-83.248
MSFT,2026-08-14,1,72.369,0,0,72.369
MSFT,2026-08-17,4,152.163,0,0,152.163
MSFT,2026-08-19,2,82.615,0,0,82.615
MSFT,2026-08-20,1,83.605,1,80,3.605
MSFT,2026-08-21,3,131.708,1,79.503,52.205
MSFT,2026-08-24,8,94.625,1,114.943,-20.318
MSFT,2026-08-26,3,120.5,1,69.41,51.09
MSFT,2026-08-27,6,173.424,0,0,173.424
MSFT,2026-08-28,2,146.491,1,58,88.491
MSFT,2026-08-31,8,420.309,1,66.045,354.264
MSFT,2026-09-01,16,749.996,2,135.640,614.356
MSFT,2026-09-02,9,422.716,1,67.705,355.011
MSFT,2026-09-03,12,935.997,9,616.751,319.246
MSFT,2026-09-04,10,947.267,0,0,947.267
MSFT,2026-09-08,15,999.007,2,468.661,530.346
MSFT,2026-09-09,4,507.140,1,70.304,436.836
MSFT,2026-09-10,5,397.568,2,201.841,195.727
MSFT,2026-09-11,2,201.60866784,3,242.599,-40.99033216
MSFT,2026-09-14,1,79.12632458,7,543.10272433,-463.97639975
MSFT,2026-09-15,6,353.72992632,0,0,353.72992632
MSFT,2026-09-16,4,192.27959764,0,0,192.27959764
MSFT,2026-09-17,0,0,1,39.99948211,-39.99948211
MU,2026-06-30,8,335.309,0,0,335.309
MU,2026-07-01,2,379.055,0,0,379.055
MU,2026-07-02,2,81.794,0,0,81.794
MU,2026-07-09,1,0.1,0,0,0.1
MU,2026-07-16,1,58.281,0,0,58.281
MU,2026-07-17,2,84.251,0,0,84.251
MU,2026-07-20,1,0.025,0,0,0.025
MU,2026-07-21,6,156.363,1,200,-43.637
MU,2026-07-22,6,157.355,0,0,157.355
MU,2026-07-24,6,197.57409039,0,0,197.57409039
MU,2026-07-27,1,67.83492437,1,79.99901422,-12.16408985
MU,2026-07-28,10,375.17192841,4,226.92602066,148.24590775
NVDA,2026-09-03,19,6211.339,3,2250,3961.339
NVDA,2026-09-04,13,4723.310,1,566,4157.310
NVDA,2026-09-08,57,13440.740,2,330.688,13110.052
NVDA,2026-09-09,35,12856.799,21,6530.724,6326.075
NVDA,2026-09-10,23,6881.98336751,3,400.14182640,6481.84154111
NVDA,2026-09-11,29,8052.62893090,23,4023.76993786,4028.85899304
NVDA,2026-09-14,42,18039.94417194,31,6172.44537239,11867.49879955
NVDA,2026-09-15,21,4723.67340126,38,7042.73875650,-2319.06535524
NVDA,2026-09-16,22,5491.16047660,69,12559.10869178,-7067.94821518
NVDA,2026-09-17,21,4510.19887799,59,9348.08174870,-4837.88287071
NVDA,2026-09-18,44,8928.69184262,58,10599.81145899,-1671.11961637
NVDA,2026-09-21,32,7228.93804240,60,12561.41172658,-5332.47368418
NVDA,2026-09-22,30,8886.89562142,54,8251.09864524,635.79697618
NVDA,2026-09-23,30,6811.65955966,12,3912.38122183,2899.27833783
NVDA,2026-09-24,57,13507.85884946,84,14080.34327285,-572.48442339
NVDA,2026-09-25,49,8927.90816019,57,7906.15988768,1021.74827251
NVDA,2026-09-28,40,8906.71559780,60,16325.80008640,-7419.08448860
NVDA,2026-09-29,105,13795.70176536,83,14007.03450883,-211.33274347
NVDA,2026-09-30,118,11871.42684464,103,15611.32488848,-3739.89804384
NVDA,2026-10-01,87,9209.16384223,35,12412.71003406,-3203.54619183
NVDA,2026-10-02,54,7130.09249348,37,7824.21071137,-694.11821789
NVDA,2026-10-05,41,4917.89418926,24,8915.70406029,-3997.80987103
NVDA,2026-10-06,56,5946.10463247,26,5126.06889074,820.03574173
NVDA,2026-10-07,39,4875.69419096,9,2100.98239424,2774.71179672
